traffic,year
931.200928711,2015
1266.783122,2016
1427.662376,2017
1749.671543,2018
2281.869542,2019
3000.117699,2020